-- phpMyAdmin SQL Dump
-- version 5.2.1
-- https://www.phpmyadmin.net/
--
-- Servidor: 127.0.0.1:3307
-- Tiempo de generación: 06-12-2025 a las 19:42:49
-- Versión del servidor: 10.4.32-MariaDB
-- Versión de PHP: 8.2.12

SET SQL_MODE = "NO_AUTO_VALUE_ON_ZERO";
START TRANSACTION;
SET time_zone = "+00:00";


/*!40101 SET @OLD_CHARACTER_SET_CLIENT=@@CHARACTER_SET_CLIENT */;
/*!40101 SET @OLD_CHARACTER_SET_RESULTS=@@CHARACTER_SET_RESULTS */;
/*!40101 SET @OLD_COLLATION_CONNECTION=@@COLLATION_CONNECTION */;
/*!40101 SET NAMES utf8mb4 */;

--
-- Base de datos: `permisos`
--

-- --------------------------------------------------------

--
-- Estructura de tabla para la tabla `autorizacion`
--

CREATE TABLE `autorizacion` (
  `codMEYSS` varchar(6) NOT NULL,
  `codigo_permiso` varchar(3) NOT NULL,
  `codigo_via` varchar(3) NOT NULL,
  `formulario` varchar(4) NOT NULL
) ENGINE=InnoDB DEFAULT CHARSET=utf8mb4 COLLATE=utf8mb4_general_ci;

--
-- Volcado de datos para la tabla `autorizacion`
--

INSERT INTO `autorizacion` (`codMEYSS`, `codigo_permiso`, `codigo_via`, `formulario`) VALUES
('A1I000', 'ELI', 'ESE', 'EX00'),
('A1I001', 'ELI', 'ESC', 'EX00'),
('A1I002', 'ELI', 'ESI', 'EX00'),
('A1I003', 'ELI', 'EPE', 'EX00'),
('A1I004', 'ELI', 'EPC', 'EX00'),
('A1I005', 'ELI', 'PME', 'EX00'),
('A1I006', 'ELI', 'PMC', 'EX00'),
('A1I007', 'ELI', 'EVE', 'EX00'),
('A1I008', 'ELI', 'EVC', 'EX00'),
('A1I009', 'ELI', 'FOE', 'EX00'),
('A1I010', 'ELI', 'FOC', 'EX00'),
('A1I011', 'ELI', 'FIE', 'EX00'),
('A1I012', 'ELI', 'FIC', 'EX00'),
('J0I001', 'EAI', 'TAI', 'EX00'),
('J1I001', 'EPI', 'TPI', 'EX00'),
('A1I013', 'ELI', 'ASE', 'EX00'),
('A1I014', 'ELI', 'ASC', 'EX00'),
('A1I015', 'ELI', 'SFE', 'EX00'),
('A1I016', 'ELI', 'SFC', 'EX00'),
('A1I017', 'ELI', 'CDE', 'EX00'),
('A1I018', 'ELI', 'MUE', 'EX00'),
('A1I019', 'ELI', 'VP', 'EX00'),
('A1I020', 'ELI', 'KH', 'EX00'),
('A1I021', 'ELI', 'AUP', 'EX00'),
('A1P000', 'ELP', 'ESP', 'EX00'),
('A1P001', 'ELP', 'EPP', 'EX00'),
('A1P002', 'ELP', 'EVP', 'EX00'),
('A1P003', 'ELP', 'FOP', 'EX00'),
('A1P004', 'ELP', 'FEP', 'EX00'),
('J0P001', 'EAR', 'TAP', 'EX00'),
('J1P001', 'EPR', 'TPP', 'EX00'),
('B1I000', 'RGI', 'RFI', 'EX02'),
('B1I001', 'RGI', 'FUE', 'EX02'),
('B1I002', 'RFV', 'RED', 'EX02'),
('B1I003', 'RFV', 'TSH', 'EX02'),
('B9FI00', 'RIT', 'INI', 'EX02'),
('B9FI01', 'RIT', 'INR', 'EX02'),
('B9FI02', 'RIT', 'INV', 'EX02'),
('B9FI03', 'RIT', 'INF', 'EX02'),
('B9FI04', 'RIT', 'INE', 'EX02'),
('B9FI05', 'RIT', 'INU', 'EX02'),
('B9FI06', 'RIT', 'INA', 'EX02'),
('B1R000', 'RGR', 'RFR', 'EX02'),
('B21I05', 'TRG', 'ASA', 'EX02'),
('B21I06', 'TRG', 'ASP', 'EX02'),
('B20I00', 'KAI', 'EXA', 'EX03'),
('B20I01', 'KAI', 'EXB', 'EX03'),
('B20I02', 'KAI', 'EXC', 'EX03'),
('B20I03', 'KAI', 'EXD', 'EX03'),
('B20I04', 'KAI', 'ODA', 'EX03'),
('B20I05', 'KAI', 'ODB', 'EX03'),
('B20I06', 'KAI', 'OGA', 'EX03'),
('B20I07', 'KAI', 'OGB', 'EX03'),
('B20I08', 'KAI', 'EA0', 'EX03'),
('B20I09', 'KAI', 'EA1', 'EX03'),
('B20I10', 'KAI', 'EA2', 'EX03'),
('B20I11', 'KAI', 'EA3', 'EX03'),
('B20I12', 'KAI', 'EA4', 'EX03'),
('B20I13', 'KAI', 'EA5', 'EX03'),
('J2I000', 'ATI', 'IPA', 'EX03'),
('B20I14', 'KAI', 'EFC', 'EX03'),
('J0I000', 'AAI', 'SGT', 'EX03'),
('B21I00', 'KAI', 'IG0', 'EX03'),
('B21I01', 'KAI', 'IG1', 'EX03'),
('B21I02', 'KAI', 'CE0', 'EX03'),
('B21I03', 'KAI', 'CE1', 'EX03'),
('B2R000', 'KA4', 'SG0', 'EX03'),
('B2R001', 'KA1', 'SG1', 'EX03'),
('B2R002', 'KA4', 'BP0', 'EX03'),
('B2R003', 'KA1', 'BP1', 'EX03'),
('J0P000', 'AAR', 'ATF', 'EX03'),
('J2P000', 'AT3', 'IPR', 'EX03'),
('B21I04', 'KAI', 'VRE', 'EX03'),
('B2R004', 'KA4', 'ARE', 'EX03'),
('B9PI00', 'RPI', 'EX1', 'EX04'),
('B9PI01', 'RPI', 'EX2', 'EX04'),
('B9PI02', 'RPI', 'ES1', 'EX04'),
('B9PI03', 'RPI', 'ES2', 'EX04'),
('B9PI04', 'RIF', 'FA1', 'EX04'),
('B9PR00', 'RPR', 'RE1', 'EX04'),
('B9PR01', 'RPR', 'RE2', 'EX04'),
('B9PR02', 'RRF', 'FA2', 'EX04'),
('C0I000', 'RAI', 'XX1', 'EX06'),
('C0I001', 'RAL', 'XX2', 'EX06'),
('C0C000', 'RAT', 'XX3', 'EX06'),
('C0P000', 'RAT', 'XX4', 'EX06'),
('C0R000', 'RAT', 'XX5', 'EX06'),
('B3I000', 'CPI', 'RFE', 'EX07'),
('B3I001', 'TPI', 'MAC', 'EX07'),
('B3R000', 'CP5', 'PAC', 'EX07'),
('B3R001', 'CP5', 'POS', 'EX07'),
('J1I000', 'AP5', 'TTF', 'EX07'),
('J1P000', 'AP6', 'TTP', 'EX07'),
('B3I002', 'CPI', 'CAN', 'EX07'),
('B4I000', 'ETI', 'AQD', 'EX09'),
('B4I001', 'ETI', 'AQE', 'EX09'),
('B4I002', 'ETA', 'AQF', 'EX09'),
('B4I003', 'ETA', 'AQG', 'EX09'),
('B4P000', 'ETR', 'AQH', 'EX09'),
('E9I000', 'DA2', 'RE3', 'EX10'),
('E9P000', 'DA2', 'RE4', 'EX10'),
('E0I000', 'ARR', 'SO1', 'EX10'),
('E0P000', 'ARR', 'SO2', 'EX10'),
('E0I001', 'ARR', 'SL1', 'EX10'),
('E0P001', 'ARR', 'SL2', 'EX10'),
('E0I002', 'ARR', 'SC1', 'EX10'),
('E0P002', 'ARR', 'SC2', 'EX10'),
('E0I003', 'ARR', 'SF1', 'EX10'),
('E0P003', 'ARR', 'SF2', 'EX10'),
('E0I004', 'ARR', 'ARF', 'EX10'),
('E0I005', 'COL', 'PN1', 'EX10'),
('E0P004', 'COL', 'PN2', 'EX10'),
('E0I006', 'COL', 'CAL', 'EX10'),
('E0P005', 'COL', 'CAP', 'EX10'),
('E3I000', 'COL', 'FV1', 'EX10'),
('E3I001', 'COL', 'FV2', 'EX10'),
('E1I000', 'VGN', 'VI1', 'EX10'),
('E1I001', 'VGN', 'VI2', 'EX10'),
('E1I002', 'VGN', 'HV1', 'EX10'),
('E1I003', 'VGN', 'HV2', 'EX10'),
('E2I000', 'VSX', 'VI3', 'EX10'),
('E2I001', 'VSX', 'VI4', 'EX10'),
('E2I002', 'VSX', 'FA3', 'EX10'),
('E2I003', 'VSX', 'FA4', 'EX10'),
('E2I004', 'VSX', 'AR1', 'EX10'),
('E2I005', 'VSX', 'AR2', 'EX10'),
('E4I000', 'TSH', 'VI5', 'EX10'),
('E4I001', 'TSH', 'VI6', 'EX10'),
('E4I002', 'TSH', 'VI7', 'EX10'),
('E4I003', 'TSH', 'FA5', 'EX10'),
('E4I004', 'TSH', 'FA6', 'EX10'),
('E4I005', 'TSH', 'FA7', 'EX10'),
('E0I007', 'RHU', 'VD1', 'EX10'),
('E0P006', 'RHU', 'VD2', 'EX10'),
('E0I008', 'RHU', 'ES3', 'EX10'),
('E0P007', 'RHU', 'ES4', 'EX10'),
('E0I009', 'RHU', 'PS1', 'EX10'),
('E0P008', 'RHU', 'PS2', 'EX10'),
('E9I001', 'PRR', 'RE5', 'EX10'),
('E9P001', 'PRR', 'RE6', 'EX10'),
('E3I002', 'EXE', 'ER2', 'EX10'),
('E3I003', 'EXE', 'ER1', 'EX10'),
('H2E005', 'LDE', 'RDA', 'EX11'),
('H2E001', 'LDE', 'RDE', 'EX11'),
('H2E007', 'LDE', 'RDL', 'EX11'),
('H2E003', 'LDE', 'RDM', 'EX11'),
('H2E008', 'LDE', 'RDN', 'EX11'),
('H2E000', 'LDE', 'RDO', 'EX11'),
('H2E002', 'LDE', 'RDP', 'EX11'),
('H3E000', 'LDR', 'RDQ', 'EX11'),
('H3E001', 'LDR', 'RDR', 'EX11'),
('H2E004', 'LDE', 'RDT', 'EX11'),
('H2E006', 'LDE', 'RDU', 'EX11'),
('H3U000', 'LUR', 'RDV', 'EX11'),
('H3E002', 'LDR', 'RDX', 'EX11'),
('H0U001', 'LUE', 'RUE', 'EX11'),
('H0U000', 'LUE', 'RUO', 'EX11'),
('H0U003', 'LUE', 'RUP', 'EX11'),
('H3U001', 'LUR', 'RUR', 'EX11'),
('H3U002', 'LUR', 'RUV', 'EX11'),
('H0U002', 'LUE', 'RUZ', 'EX11'),
('N0I000', 'TTF', 'SGA', 'EX19'),
('N0R000', 'TTF', 'RET', 'EX19'),
('N0M000', 'TTF', 'MAN', 'EX19'),
('N0P000', 'TPF', 'REC', 'EX19'),
('G00I00', 'RMH', 'SNE', 'EX25'),
('G00I01', 'RMH', 'NNE', 'EX25'),
('G01I00', 'EMD', 'ME1', 'EX25'),
('G01I01', 'EMD', 'PR1', 'EX25'),
('G01P00', 'EMD', 'ME2', 'EX25'),
('G01P01', 'EMD', 'PR2', 'EX25'),
('G01I02', 'RMD', 'ME3', 'EX25'),
('G01I03', 'RMD', 'PR3', 'EX25'),
('G01I04', 'EMD', 'VAC', 'EX25'),
('G01I05', 'EMD', 'MON', 'EX25'),
('G01I06', 'EMD', 'ES0', 'EX25'),
('G01P02', 'EMD', 'ESX', 'EX25'),
('G02I00', 'RMA', 'RIN', 'EX25'),
('G02R00', 'RMB', 'REN', 'EX25'),
('G10R00', 'RMT', '18A', 'EX25'),
('G10R01', 'RMT', '18B', 'EX25'),
('G10I00', 'RMN', '18S', 'EX25'),
('G10I01', 'RMN', '18T', 'EX25'),
('G10R02', 'RMN', '18R', 'EX25'),
('U0I000', 'IMI', 'MN1', 'EX25'),
('U0I001', 'IMV', 'MN2', 'EX25'),
('V0I000', 'APM', 'MNC', 'EX25'),
('V0I001', 'APM', 'MNS', 'EX25'),
('V0I002', 'APM', 'MND', 'EX25'),
('V0I003', 'RMP', 'MNP', 'EX25'),
('I3I007', 'MIA', 'MTA', 'EX26'),
('I4I002', 'MIP', 'MTP', 'EX26'),
('I0I000', 'MTN', 'MNL', 'EX26'),
('I5R001', 'MAI', 'MIE', 'EX26'),
('I5R001', 'MPI', 'MIE', 'EX26'),
('I6I001', 'MTE', 'MCE', 'EX26'),
('I3I000', 'MAI', 'MET', 'EX26'),
('I4I000', 'MPI', 'MEA', 'EX26'),
('I6I000', 'MTE', 'MEE', 'EX26'),
('I3I002', 'MAI', 'MA2', 'EX26'),
('I4I001', 'MPI', 'MA2', 'EX26'),
('I5R000', 'M2R', 'MCA', 'EX26'),
('I3I001', 'MIA', 'MA1', 'EX26'),
('I5I001', 'M2I', 'MAP', 'EX26'),
('I3I004', 'MA1', 'MST', 'EX26'),
('I3I008', 'MTI', 'MBE', 'EX26'),
('I1I000', 'MF1', 'MFE', 'EX26');

-- --------------------------------------------------------

--
-- Estructura de tabla para la tabla `permiso`
--

CREATE TABLE `permiso` (
  `codigo` varchar(3) NOT NULL,
  `descripcion` text NOT NULL,
  `formulario` varchar(4) NOT NULL
) ENGINE=InnoDB DEFAULT CHARSET=utf8mb4 COLLATE=utf8mb4_general_ci;

--
-- Volcado de datos para la tabla `permiso`
--

INSERT INTO `permiso` (`codigo`, `descripcion`, `formulario`) VALUES
('AAI', 'AUTORIZACIÓN PARA TRABAJAR POR CUENTA AJENA INICIAL', 'EX03'),
('AAR', 'AUTORIZACIÓN PARA TRABAJAR POR CUENTA AJENA PRORROGADA', 'EX03'),
('AP5', 'AUTORIZACIÓN PARA TRABAJAR POR CUENTA PROPIA INICIAL', 'EX07'),
('AP6', 'AUTORIZACIÓN PARA TRABAJAR POR CUENTA PROPIA PRORROGADA', 'EX07'),
('APM', 'REPATRIACIÓN MENA. Actuaciones', 'EX25'),
('ARR', 'RESIDENCIA TEMPORAL POR RAZONES DE ARRAIGO', 'EX10'),
('AT3', 'AUTORIZACIÓN PARA TRABAJAR POR CUENTA AJENA Y PROPIA PRORROGADA', 'EX03'),
('ATI', 'AUTORIZACIÓN PARA TRABAJAR POR CUENTA AJENA Y PROPIA INICIAL', 'EX03'),
('COL', 'RESIDENCIA TEMPORAL POR COLABORACIÓN', 'EX10'),
('CP5', 'RESIDENCIA TEMPORAL Y TRABAJO POR CUENTA PROPIA RENOVADA', 'EX07'),
('CPI', 'RESIDENCIA TEMPORAL Y TRABAJO POR CUENTA PROPIA INICIAL', 'EX07'),
('DA2', 'RESIDENCIA TEMPORAL POR CIRCUNSTANCIAS NO PREVISTAS EN REGLAMENTO', 'EX10'),
('DT5', 'RESIDENCIA TEMPORAL POR CIRCUNSTANCIAS EXCEPCIONALES DE LA DT 5ª', 'EX30'),
('EAI', 'Autorización de trabajo por cuenta ajena INICIAL para titular de estancia de larga duración', 'EX00'),
('EAR', 'Autorización de trabajo por cuenta ajena para titular de estancia de larga duración PRORROGADA', 'EX00'),
('ELI', 'Autorización de estancia de larga duración INICIAL por estudios, movilidad de alumnos, servicios de voluntariado o actividades formativas', 'EX00'),
('ELP', 'Autorización de estancia de larga duración PRORROGADA por estudios, movilidad de alumnos, servicios de voluntariado o actividades formativas', 'EX00'),
('EMD', 'Desplazamiento temporal de menores extranjeros en el marco de programas de carácter humanitario. Estancia', 'EX25'),
('EPI', 'Autorización de trabajo por cuenta propia INICIAL para titular de estancia de larga duración ', 'EX00'),
('EPR', 'Autorización de trabajo por cuenta propia para titular de estancia de larga duración PRORROGADA', 'EX00'),
('ETA', 'RESIDENCIA TEMPORAL CON EXCEPCIÓN DE LA AUTORIZACIÓN DE TRABAJO INICIAL (art.89.5)', 'EX09'),
('ETI', 'RESIDENCIA TEMPORAL CON EXCEPCIÓN DE LA AUTORIZACIÓN DE TRABAJO INICIAL ( art.88)', 'EX09'),
('ETR', 'RESIDENCIA TEMPORAL  CON EXCEPCIÓN DE LA AUTORIZACIÓN DE TRABAJO PRORROGADA ( art.88.7)', 'EX09'),
('EXE', 'DECLARACIÓN DE EXENCIÓN DE RESPONSABILIDAD', 'EX10'),
('FEI', 'Residencia temporal de familiar de ciudadano español - INICIAL', 'EX24'),
('FIN', 'Residencia temporal de familiar de ciudadano español - INDEPENDIENTE', 'EX24'),
('FRV', 'Residencia temporal de familiar de ciudadano español - RENOVACIÓN', 'EX24'),
('IMI', 'INFORME VISADO MENORES ADOPTADOS O CON FINES DE ADOPCIÓN', 'EX25'),
('IMV', 'INFORME PREVIO PARA DESPLAZAMIENTO DE MENORES', 'EX25'),
('KA1', 'RENOVACIÓN RESIDENCIA TEMPORAL Y TRABAJO CUENTA AJENA CON 1 AÑO DE DURACIÓN', 'EX03'),
('KA4', 'RENOVACIÓN RESIDENCIA TEMPORAL Y TRABAJO CUENTA AJENA CON 4 AÑOS DE DURACIÓN', 'EX03'),
('KAI', 'RESIDENCIA TEMPORAL Y TRABAJO CUENTA AJENA INICIAL', 'EX03'),
('LDE', 'RESIDENCIA DE LARGA DURACIÓN EN ESPAÑA', 'EX11'),
('LDR', 'RESIDENCIA DE LARGA DURACIÓN EN ESPAÑA (RECUPERACIÓN)', 'EX11'),
('LUE', 'RESIDENCIA DE LARGA DURACIÓN UE', 'EX11'),
('LUR', 'RESIDENCIA DE LARGA DURACIÓN UE (RECUPERACIÓN)', 'EX11'),
('M2I', 'AUTORIZACIÓN DE TRABAJO POR CUENTA PROPIA', 'EX26'),
('M2R', 'AUTORIZACIÓN DE RESIDENCIA TEMPORAL Y TRABAJO POR CUENTA AJENA Y PROPIA', 'EX26'),
('MA1', 'MODIFICACIÓN DE ALCANCE DE AUTORIZACIÓN INICIAL DE RESIDENCIA Y TRABAJO POR CUENTA AJENA', 'EX26'),
('MAI', 'AUTORIZACIÓN DE RESIDENCIA TEMPORAL Y TRABAJO POR CUENTA AJENA', 'EX26'),
('MF1', 'AUTORIZACIÓN DE RESIDENCIA TEMPORAL POR REAGRUPACIÓN FAMILIAR', 'EX26'),
('MIA', 'AUTORIZACIÓN INICIAL DE RESIDENCIA TEMPORAL Y TRABAJO POR CUENTA AJENA', 'EX26'),
('MIP', 'AUTORIZACIÓN INICIAL DE RESIDENCIA TEMPORAL Y TRABAJO POR CUENTA PROPIA', 'EX26'),
('MPI', 'AUTORIZACIÓN DE RESIDENCIA TEMPORAL Y TRABAJO POR CUENTA PROPIA', 'EX26'),
('MTE', 'AUTORIZACIÓN DE RESIDENCIA TEMPORAL Y EXCEPCIÓN DE AUTORIZACIÓN DE TRABAJO', 'EX26'),
('MTI', 'AUTORIZACION INICIAL DE RESIDENCIA TEMPORAL NO LUCRATIVA', 'EX26'),
('MTN', 'AUTORIZACION DE RESIDENCIA TEMPORAL NO LUCRATIVA', 'EX26'),
('NLI', 'Residencia temporal NO LUCRATIVA - INICIAL', 'EX01'),
('NLR', 'Residencia temporal NO LUCRATIVA - RENOVACIÓN', 'EX01'),
('PRR', 'ESTANCIA TEMPORAL POR CIRCUNSTANCIAS EXCEPCIONALES – PERÍODO DE RESTABLECIMIENTO Y REFLEXIÓN ', 'EX10'),
('RAI', 'RESIDENCIA Y TRABAJO PARA ACTIVIDADES DE TEMPORADA INICIAL.', 'EX06'),
('RAL', 'RESIDENCIA Y TRABAJO PARA ACTIVIDADES DE TEMPORADA LLAMAMIENTOS.', 'EX06'),
('RAT', 'RESIDENCIA Y TRABAJO PARA ACTIVIDADES DE TEMPORADA.', 'EX06'),
('RFV', 'AUTORIZACIÓN DE RESIDENCIA TEMPORAL POR REAGRUPACIÓN FAMILIAR ', 'EX02'),
('RGI', 'AUTORIZACIÓN DE RESIDENCIA TEMPORAL POR REAGRUPACIÓN FAMILIAR INICIAL', 'EX02'),
('RGR', 'AUTORIZACIÓN DE RESIDENCIA TEMPORAL POR REAGRUPACIÓN FAMILIAR RENOVADA', 'EX02'),
('RHU', 'RESIDENCIA TEMPORAL POR CIRCUNSTANCIAS EXCEPCIONALES – RAZONES HUMANITARIAS ', 'EX10'),
('RIF', 'AUTORIZACIÓN DE RESIDENCIA INICIAL PARA PRÁCTICAS DE FAMILIAR', 'EX04'),
('RIT', 'AUTORIZACIÓN DE RESIDENCIA TEMPORAL INDPENDIENTE DEL  REAGRUPANTE', 'EX02'),
('RMA', 'Residencia temporal de menores extranjeros no acompañados. Art 172', 'EX25'),
('RMB', 'Residencia temporal de menores extranjeros no acompañados. Art. 172.5', 'EX25'),
('RMD', 'Desplazamiento temporal de menores extranjeros en el marco de programas de carácter humanitario. Residencia', 'EX25'),
('RMH', 'Residencia temporal inicial de hijo o residente', 'EX25'),
('RMN', 'Residencia temporal de menores extranjeros no acompañados. Art. 174', 'EX25'),
('RMP', 'REPATRIACIÓN MENA. Procedimiento', 'EX25'),
('RMT', 'Residencia temporal de menores extranjeros no acompañados. Art. 173', 'EX25'),
('RPI', 'AUTORIZACIÓN DE RESIDENCIA INICIAL PARA PRÁCTICAS ', 'EX04'),
('RPR', 'AUTORIZACIÓN DE RESIDENCIA RENOVADA PARA PRÁCTICAS ', 'EX04'),
('RRF', 'AUTORIZACIÓN DE RESIDENCIA RENOVADA PARA PRÁCTICAS  DE FAMILIAR', 'EX04'),
('TPF', 'TARJETA DE RESIDENCIA PERMANENTE DE FAMILIAR DE LA UE', 'EX19'),
('TPI', 'AUTORIZACION DE TRABAJO POR CUENTA PROPIA INICIAL', 'EX07'),
('TRG', 'AUTORIZACIÓN DE TRABAJO', 'EX02'),
('TSH', 'RESIDENCIA TEMPORAL POR CIRCUNSTANCIAS EXCEPCIONALES - VÍCTIMAS DE TRATA DE SERES HUMANOS', 'EX10'),
('TTF', 'TARJETA DE RESIDENCIA TEMPORAL DE FAMILIAR DE LA UE', 'EX19'),
('VGN', 'RESIDENCIA TEMPORAL Y TRABAJO POR CIRCUNSTANCIAS EXCEPCIONALES - VÍCTIMAS DE VIOLENCIA DE GÉNERO', 'EX10'),
('VSX', 'RESIDENCIA TEMPORAL Y TRABAJO POR CIRCUNSTANCIAS EXCEPCIONALES - VÍCTIMAS DE VIOLENCIA SEXUAL', 'EX10');

-- --------------------------------------------------------

--
-- Estructura de tabla para la tabla `via`
--

CREATE TABLE `via` (
  `codigo` varchar(3) NOT NULL,
  `descripcion` text NOT NULL,
  `formulario` text NOT NULL
) ENGINE=InnoDB DEFAULT CHARSET=utf8mb4 COLLATE=utf8mb4_general_ci;

--
-- Volcado de datos para la tabla `via`
--

INSERT INTO `via` (`codigo`, `descripcion`, `formulario`) VALUES
('18A', 'Autorización de residencia renovada de menor extranjero titular de una autorización de residencia al alcanzar la mayoría de edad. SIN contrato de trabajo. (art. 173)', 'EX25'),
('18B', 'Autorización de residencia renovada de menor extranjero titular de una autorización de residencia al alcanzar la mayoría de edad. CON contrato de trabajo (art. 173.2.a)', 'EX25'),
('18R', 'Autorización de residencia renovada de menor extranjero que NO es titular de una autorización de residencia al alcanzar la mayoría de edad (art. 174.4)', 'EX25'),
('18S', 'Autorización de residencia inicial de menor extranjero que NO es titular de una autorización de residencia al alcanzar la mayoría de edad. SIN contrato de trabajo (art. 174)', 'EX25'),
('18T', 'Autorización de residencia inicial de menor extranjero que NO es titular de una autorización de residencia al alcanzar la mayoría de edad. CON contrato de trabajo (art. 174.3.a)', 'EX25'),
('AQD', 'Supuesto de residente fuera de España.', 'EX09'),
('AQE', 'Supuesto de residente fuera de España.', 'EX09'),
('AQF', 'Supuesto situación regular en España', 'EX09'),
('AQG', 'Situación regular en España', 'EX09'),
('AQH', 'TITULAR de autorización de residencia temporal con excepción de la autorización de trabajo INICIAL', 'EX09'),
('AR1', 'Adulto responsable de la víctima de violencia sexual menor de edad (art. 141.2)', 'EX10'),
('AR2', 'Adulto responsable de la víctima de violencia sexual menor de edad (art. 141.2)', 'EX10'),
('ARE', '(5) TITULAR de autorización de residencia y trabajo inicial extraordinaria (MAEC-SEIE)  (art. 42)  ', 'EX03'),
('ARF', 'Arraigo familiar (art. 127.e)', 'EX10'),
('ASA', 'Autorización de trabajo para ascendiente reagrupado. Art. 69.6', 'EX02'),
('ASC', 'Autorización de estancias INICIAL para la realización de estudios de especialización en el ambito sanitario. Art. 58. Solicitada en oficina consular', 'EX00'),
('ASE', 'Autorización de estancias INICIAL para la realización de estudios de especialización en el ambito sanitario. Art. 58. Solicitada en España', 'EX00'),
('ASP', 'Autorización de trabajo para ascendiente reagrupado. Art. 69.6', 'EX02'),
('ATF', 'TITULAR de autorización de trabajo transfronterizo por cuenta ajena (art. 158.3)', 'EX03'),
('AUP', 'Estancia como AU PAIR (art. 33.5 LOEX)', 'EX00'),
('BP0', 'TITULAR de autorización de residencia temporal y trabajo cuenta ajena inicial', 'EX03'),
('BP1', 'TITULAR de autorización de residencia temporal y trabajo cuenta ajena inicial', 'EX03'),
('CAL', 'Colaboración con Administración laboral competente INICIAL (art. 129.2)', 'EX10'),
('CAN', 'Ciudadanos extranjeros  acogidos a Convenios/Acuerdos internacionales', 'EX07'),
('CAP', 'Colaboración con Administración laboral competente PRORROGADA (art. 132)', 'EX10'),
('CDE', 'Comunicación de desplazamiento por estudios superiores. Art. 59,2', 'EX00'),
('CE0', 'Cambio de empleador por circunstancias sobrevenidas, ajenas a la voluntad de la persona empleadora (art.79.3) ', 'EX03'),
('CE1', 'Cambio de empleador por circunstancias sobrevenidas, ajenas a la voluntad de la persona empleadora (art.79.3) ', 'EX03'),
('EA0', 'Personas extranjeras acogidas a Instrucciones dictadas por Consejo de Ministros (DA 2ª.1)', 'EX03'),
('EA1', 'Personas extranjeras acogidas a Instrucciones dictadas por Consejo de Ministros (DA 2ª.1)', 'EX03'),
('EA2', 'Personas extranjeras acogidas a Instrucciones dictadas por Consejo de Ministros (DA 2ª.1)', 'EX03'),
('EA3', 'Personas extranjeras acogidas a Instrucciones dictadas por Consejo de Ministros (DA 2ª.1)', 'EX03'),
('EA4', 'Personas extranjeras acogidas a Instrucciones dictadas por Consejo de Ministros (DA 2ª.1)', 'EX03'),
('EA5', 'Personas extranjeras acogidas a Instrucciones dictadas por Consejo de Ministros (DA 2ª.1)', 'EX03'),
('EFC', 'Personas extranjeras  acogidos a Convenios/Acuerdos internacionales ', 'EX03'),
('EPC', 'Autorización de estancia INICIAL para la realización de estudios de educación secundaria postobligatoria. Art. 52.1.b. Solicitada en oficina consular', 'EX00'),
('EPE', 'Autorización de estancia INICIAL para la realización de estudios de educación secundaria postobligatoria. Art. 52.1.b. Solicitada en España', 'EX00'),
('EPP', 'Autorización de estancias PRORROGADA para la realización de estudios de educación secundaria postobligatoria. Art. 52.1.b', 'EX00'),
('ER1', 'Declaración de exención de responsabilidad', 'EX10'),
('ER2', 'Declaración de exención de responsabilidad', 'EX10'),
('ES0', 'Estancia temporal de menor extranjero desplazado con fines de escolarización (art. 164)', 'EX25'),
('ES1', 'Autorización de residencia inicial para practicas en base a un convenio en prácticas encontrándose la persona extranjera en España (DA 18ª Ley 14/2013)', 'EX04'),
('ES2', 'Autorización de residencia inicial para practicas en base a un contrato de trabajo encontrándose la persona extranjera en España (DA 18ª Ley 14/2013)', 'EX04'),
('ES3', 'Razones humanitarias (art. 128.3) - Enfermedad sobrevenida', 'EX10'),
('ES4', 'Razones humanitarias (art. 132) - Enfermedad sobrevenida', 'EX10'),
('ESC', 'Autorización de estancia para la realización de estudios superiores. Art. 52.1.a. Solicitada en oficina consular', 'EX00'),
('ESE', 'Autorización de estancia INICIAL para la realización de estudios superiores. Art. 52.1.a. Solicitada en España', 'EX00'),
('ESI', 'Autorización de estancia INICIAL para la realización de estudios superiores (art.52.1.a) solicitada para persona en situación regular en España por institución o centro de enseñanza superior. Art. 54.6        ', 'EX00'),
('ESP', 'Autorización de estancias PRORROGADA para la realización de estudios superiores. Art. 52.1.a,', 'EX00'),
('ESX', 'Prórroga excepcional de la estancia temporal de menor extranjero desplazado con fines de escolarización (art. 164.3)', 'EX25'),
('EVC', 'Autorización de estancia INICIAL para la prestación de servicios de voluntariado. Art. 52.1.d. Solicitada en oficina consular', 'EX00'),
('EVE', 'Autorización de estancia INICIAL para la prestación de servicios de voluntariado. Art. 52.1.d. Solicitada en España', 'EX00'),
('EVP', 'Autorización de estancias PRORROGADA para la prestación de servicios de voluntariado. Art. 52.1.d', 'EX00'),
('EX1', 'Autorización de residencia inicial para prácticas en base a un convenio en prácticas, encontrándose  la persona extranjera en el exterior de España (DA 18ª Ley 14/2013),', 'EX04'),
('EX2', 'Autorización de residencia inicial para prácticas en base a un contrato de trabajo encontrándose  la persona extranjera en el exterior de España (DA 18ª Ley 14/2013)', 'EX04'),
('EXA', 'Exencion situación nacional de empleo (art.40.1 LOEX)', 'EX03'),
('EXB', 'Exencion situación nacional de empleo (art.40.1 LOEX)', 'EX03'),
('EXC', 'Exención de la situación nacional de empleo por nacionales convenios internacionales (Chile y Perú) del art. 74.2 RD 1155/2025', 'EX03'),
('EXD', 'Exención de la situación nacional de empleo por nacionales convenios internacionales (Chile y Perú) del art. 74.2 RD 1155/2025', 'EX03'),
('FA1', 'Autorización de residencia inicial de familiar del titular de autorización de residencia para prácticas, que previamente era titular de una estancia como familiar del que depende (DA 18ª Ley 14/2013 e Instrucción DGM 4/2018)', 'EX04'),
('FA2', 'Autorización de residencia renovada del familiar del titular de la autorización de residencia para prácticas del que depende (DA 18ª Ley 14/2013 e Instrucción DGM 4/2018)', 'EX04'),
('FA3', 'Hijo menor o discapacitado, tutelado menor o padre/madre de víctima de violencia sexual  (art. 138.2)', 'EX10'),
('FA4', 'Hijo menor o discapacitado, tutelado menor o padre/madre de presunta víctima de violencia sexual (art. 138.2)', 'EX10'),
('FA5', 'Hijo menor o discapacitado, tutelado menor o padre/madre de víctima de la TSH en España (art. 152.1)', 'EX10'),
('FA6', 'Hijo menor o discapacitado, tutelado menor o padre/madre de víctima de la TSH en España (art. 152.1)', 'EX10'),
('FA7', 'Hijo menor o discapacitado, tutelado menor o padre/madre de presunta víctima de la TSH en España (art. 152.1)', 'EX10'),
('FEP', 'Autorización de estancia prorrogada de familiar de la persona titular de una autorización de estancia de larga duración por estudios superiores. Art. 56', 'EX00'),
('FIC', 'Autorización INICIAL de estancia de familiar de la persona titular de una autorización de estancia de larga duración por estudios superiores. Art. 56.1. Solicitada en oficina consular', 'EX00'),
('FIE', 'Autorización INICIAL de estancia de familiar de la persona titular de una autorización de estancia de larga duración por estudios superiores. Art. 56.1. Solicitada en España', 'EX00'),
('FOC', 'Autorización de estancia INICIAL para la realización de actividades formativas. Art. 52.1.e.  Solicitada en oficina consular', 'EX00'),
('FOE', 'Autorización de estancia INICIAL para la realización de actividades formativas. Art. 52.1.e. Solicitada en España', 'EX00'),
('FOP', 'Autorización de estancias PRORROGADA para la realización de actividades formativas. Art. 52.1.e', 'EX00'),
('FUE', 'Autorización de residencia temporal por reagrupación familiar inicial como familiar de residente de larga duración-UE en otro estado de la Unión Europea. Art. 68.5', 'EX02'),
('FV1', 'Colaboración contra redes organizadas DEFINITIVA (arts. 143 y 144)', 'EX10'),
('FV2', 'Colaboración contra redes organizadas PROVISIONAL (arts. 143 y 144)', 'EX10'),
('HV1', 'Hijo menor o discapacitado, tutelado menor o padre/madre de víctima de violencia de género  (art. 134.2) ', 'EX10'),
('HV2', 'Hijo menor o discapacitado, tutelado menor o padre/madre de presunta víctima de violencia de género  (art. 134.2)', 'EX10'),
('IG0', 'Cambio de empleador por incumplimiento grave de las obligaciones establecidas en el contrato de trabajo (art.79.2)', 'EX03'),
('IG1', 'Cambio de empleador por incumplimiento grave de las obligaciones establecidas en el contrato de trabajo (art.79.2)', 'EX03'),
('INA', 'Autorización de residencia temporal independiente del reagrupante por el ascendiente. Art. 69.6', 'EX02'),
('INE', 'Autorización de residencia temporal independiente del reagrupante por edad/representación. Art. 69.4', 'EX02'),
('INF', 'Autorización de residencia temporal independiente el reagrupante por fallecimiento. Art. 69.2.c', 'EX02'),
('INI', 'Autorización de residencia temporal independiente del reagrupante. Art. 69.1', 'EX02'),
('INR', 'Autorización de residencia temporal independiente del reagrupante por ruptura del vínculo. Art. 69.2.a', 'EX02'),
('INU', 'Autorización de residencia temporal independiente del reagrupante Titular de una tarjeta azul-UE. Art. 69.5', 'EX02'),
('INV', 'Autorización de residencia temporal independiente el reagrupante por violencia. Art. 69.2.b', 'EX02'),
('IPA', 'Resolución de la Dirección General de Instituciones Penitenciarias/Auto del Juez de Vigilancia Penitenciaria calificando el tercer grado o concediendo la libertad condicional (Acuerdo Consejo de Ministros 1 de julio de 2005)   ', 'EX03'),
('IPR', 'Renovación de la validez de la Resolución de la Dirección General de Instituciones Penitenciarias/Auto del Juez de Vigilancia Penitenciaria calificando el tercer grado o concediendo la libertad condicional (Acuerdo Consejo de Ministros 1 de julio 2005)  ', 'EX03'),
('KH', 'FAMILIAR de TITULAR de autorización de estancia por estudios Convenio ANDORRA', 'EX00'),
('MA1', 'DE TITULAR DE RESIDENCIA TEMPORAL DEL REGLAMENTO DE EXTRANJERÍA QUE NO HABILITA A TRABAJAR (INCLUIDOS ARRAIGOS) ', 'EX26'),
('MA2', 'MODIFICACIONES DESDE RESIDENCIA TEMPORAL QUE NO HABILITA A TRABAJAR (INCLUIDOS ARRAIGOS) ', 'EX26'),
('MAC', 'Misma actividad en varias CCAA ( art 85.6)', 'EX07'),
('MAN', 'MANTENIMIENTO (art.9 ) RFM', 'EX19'),
('MAP', 'DE TITULAR DE AUTORIZACIÓN INICIAL DE RESIDENCIA Y TRABAJO POR CUENTA AJENA INICIAL', 'EX26'),
('MBE', 'DE TITULAR DE ESTANCIA DE LARGA DURACIÓN', 'EX26'),
('MCA', 'MODIFICACION DESDE RESIDENCIA TEMPORAL DEL REGLAMENTO DE EXTRANJERÍA QUE YA HABILITABA A TRABAJAR (INCLUIDOS ARRAIGOS)', 'EX26'),
('MCE', 'DE TITULAR DE TARJETA DE RESIDENCIA DE FAMILIAR DE CIUDADANO DE LA UNIÓN O DE AUTORIZACIÓN DE FAMILIAR DE PERSONA CON NACIONALIDAD ESPAÑOLA ', 'EX26'),
('MCL', 'DE TITULAR DE RESIDENCIA TEMPORAL LEY 14/2013 artículo 61.1 a, b, c, d, e f) QUE YA HABILITABA A TRABAJAR', 'EX26'),
('MCO', 'DE TITULAR DE RESIDENCIA TEMPORAL DEL REGLAMENTO DE EXTRANJERÍA QUE  HABILITA A TRABAJAR (INCLUIDOS ARRAIGOS) ', 'EX26'),
('MCP', 'DE TITULAR DE RESIDENCIA TEMPORAL DE LEY 14/2013 artículo 61.1 a, b, c, d, e f) QUE YA HABILITABA A TRABAJAR', 'EX26'),
('ME1', 'Estancia temporal de menor extranjero desplazado con fines de tratamiento médico (art. 162.1)', 'EX25'),
('ME2', 'Prórroga de la estancia de menor extranjero desplazado con fines de tratamiento médico (art. 162.2)', 'EX25'),
('ME3', 'Autorización de residencia temporal excepcional de menor extranjero desplazado con fines de tratamiento médico (art. 162.3)', 'EX25'),
('MEA', 'DE TITULAR DE ESTANCIA DE LARGA DURACIÓN', 'EX26'),
('MEE', 'DE TITULAR DE ESTANCIA DE LARGA DURACIÓN', 'EX26'),
('MET', 'DE TITULAR DE ESTANCIA DE LARGA DURACIÓN', 'EX26'),
('MFE', 'DE TITULAR DE ESTANCIA DE LARGA DURACIÓN', 'EX26'),
('MGT', 'DE TITULAR DE AUTORIZACIÓN INICIAL DE RESIDENCIA Y TRABAJO POR CUENTA PROPIA', 'EX26'),
('MIE', 'DE TITULAR DE TARJETA DE RESIDENCIA DE FAMILIAR DE CIUDADANO DE LA UNIÓN O DE AUTORIZACIÓN DE FAMILIAR DE PERSONA CON NACIONALIDAD ESPAÑOLA ', 'EX26'),
('MN1', 'Para adopción internacional  (Instrucciones DGI) ', 'EX25'),
('MN2', 'Programa Vacaciones en Paz', 'EX25'),
('MNC', 'Actuaciones con la Comisaría General de Extranjería y Fronteras', 'EX25'),
('MND', 'Actuaciones con la Dirección General de Asuntos Consularers y Miigratorios', 'EX25'),
('MNL', 'DE TITULAR DE TARJETA DE RESIDENCIA DE FAMILIAR DE CIUDADANO DE LA UNIÓN O DE AUTORIZACIÓN DE FAMILIAR DE PERSONA CON NACIONALIDAD ESPAÑOLA ', 'EX26'),
('MNP', 'Procedimiento de repatriación de menor no acompañado', 'EX25'),
('MNS', 'Actuaciones con la Subdelegación del Gobierno', 'EX25'),
('MON', 'Estancia temporal del monitor/monitora acompañante de menores extranjeros desplazados con fines vacacionales (art. 163)', 'EX25'),
('MST', 'DE TITULAR DE AUTORIZACIÓN INICIAL DE RESIDENCIA Y TRABAJO POR CUENTA AJENA', 'EX26'),
('MTA', 'DE TITULAR DE RESIDENCIA Y TRABAJO POR ACTIVIDADES DE TEMPORADA ', 'EX26'),
('MTP', 'DE TITULAR DE RESIDENCIA Y TRABAJO POR ACTIVIDADES DE TEMPORADA ', 'EX26'),
('MUE', 'Movilidad de estudiantes dentro de la Unión Europea. Art. 59,3. ', 'EX00'),
('NNE', 'Autorización de residencia temporal del menor extranjero acompañado NO  nacido en España, hijo o tutelado de residente  (art. 160)', 'EX25'),
('ODA', 'Ocupación de difícil cobertura', 'EX03'),
('ODB', 'Ocupación de difícil cobertura', 'EX03'),
('OGA', 'Oferta gestionada en Servicio Público de Empleo', 'EX03'),
('OGB', 'Oferta gestionada en Servicio Público de Empleo', 'EX03'),
('PAC', 'TITULAR de autorización de residencia temporal y trabajo por cuenta propia inicial ( art 86)', 'EX07'),
('PMC', 'Autorización de estancia para la participación en programas de movilidad de alumnos, programa de ESO o postobligatoria. Art. 52.1.c. Solicitada en oficina consular', 'EX00'),
('PME', 'Autorización de estancia para la participación en programas de movilidad de alumnos, programa de ESO o postobligatoria. Art. 52.1.c. Solicitada en España', 'EX00'),
('PN1', 'Colaboración, interés público o seguridad nacional INICIAL (art. 129.1)', 'EX10'),
('PN2', 'Colaboración, interés público o seguridad nacional PRORROGADA (art. 132)', 'EX10'),
('POS', 'TITULAR de autorización de residencia temporal y trabajo por cuenta propia inicial ( art 86)', 'EX07'),
('PR1', 'Estancia temporal de progenitor o tutor de menor extranjero desplazado con fines de tratamiento médico (art. 162.1)', 'EX25'),
('PR2', 'Prórroga de la estancia del progenitor o tutor de menor extranjero desplazado con fines de tratamiento médico (art. 162.1)', 'EX25'),
('PR3', 'Autorización de residencia temporal excepcional del progenitor o tutor del menor extranjero desplazado con fines de tratamiento médico (art. 162.1)', 'EX25'),
('PS1', 'Razones humanitarias (art. 128.4) - Peligro para su seguridad o la de su familia', 'EX10'),
('PS2', 'Razones humanitarias (art. 132) - Peligro para su seguridad o la de su familia', 'EX10'),
('RB1', 'DE TITULAR DE RESIDENCIA TEMPORAL PARA BÚSQUEDA DE EMPLEO O PROYECTO EMPRESARIAL LEY 14/2013 ', 'EX26'),
('RBE', 'DE TITULAR DE RESIDENCIA TEMPORAL PARA BÚSQUEDA DE EMPLEO O PROYECTO EMPRESARIAL LEY 14/2013 ', 'EX26'),
('RDA', 'Apátridas, refugiados en territorio español, beneficiarios del estatuto de protección internacional en España  (art. 183.3.f)', 'EX11'),
('RDE', 'Español de origen que haya perdido la nacionalidad española (art. 183.3.d)', 'EX11'),
('RDL', 'TITULAR de residencia de larga duración-UE en otro Estado miembro (art. 179 ) ', 'EX11'),
('RDM', 'Residente en los tres años inmediatamente anteriores a la solicitud , nacido en España =18 años  (art. 183.3.c)', 'EX11'),
('RDN', '(5) Extranjeros que hayan contribuido de forma notoria al progreso de España o a su proyección en el exterior  (art. 183.3.g)', 'EX11'),
('RDO', 'Supuesto general 5 años de residencia legal continuada en España (art. 183.1)', 'EX11'),
('RDP', 'Residente beneficiario de pensión contributiva de jubilación o  beneficiario de incapacidad permanente absoluta o gran invalidez  (art. 183.3)', 'EX11'),
('RDQ', 'TITULAR de autorización de residencia por reagrupación familiar cuando el reagrupante accede o es titular de residencia larga duración o larga duración-UE (arts. 68, 180 y 184)', 'EX11'),
('RDR', 'Haber sido TITULAR de autorización de residencia de larga duración y haber cesado en tal condición (art. 188.1)', 'EX11'),
('RDT', 'Residente durante 5 años consecutivos inmediatamente anteriores  >18 años bajo tutela de entidad (art. 183.3.e)', 'EX11'),
('RDU', 'TITULAR de residencia de larga duración-UE en otro Estado miembro (art.179 ) ', 'EX11'),
('RDV', 'Haber sido TITULAR de autorización de residencia de larga duración-UE y haber cesado en tal condición (art. 186)', 'EX11'),
('RDX', 'Haber sido TITULAR de autorización de residencia de larga duración y haber cesado en tal condición (art. 188.1)', 'EX11'),
('RE1', 'Autorización de residencia renovada para practicas en base a un convenio en prácticas (DA 18ª Ley 14/2013)', 'EX04'),
('RE2', 'Autorización de residencia renovada para practicas  en base a un contrato de trabajo (DA 18ª Ley 14/2013) ', 'EX04'),
('RE3', 'Circunstancias excepcionales no previstas INICIAL (DA 2ª.1)  ', 'EX10'),
('RE4', 'Circunstancias excepcionales no previstas PRORROGADA (DA 2ª.1)  ', 'EX10'),
('RE5', 'Período de restablecimiento y reflexión (art. 150.6)', 'EX10'),
('RE6', 'Período de restablecimiento y reflexión (art. 150.6)', 'EX10'),
('REC', 'Residencia continuada  de 5 años ( art 10.1) RFP', 'EX19'),
('RED', 'Autorización de residencia temporal por reagrupación familiar de los hijos e hijas de  victima de redes organizadas. Art. 147', 'EX02'),
('REN', 'Autorización de residencia  renovada de menor no acompañado  (art.172.5)', 'EX25'),
('RET', 'RENOVACIÓN tarjeta < 5 años RFR', 'EX19'),
('RFE', 'Supuesto general de residente fuera de España (art.85)', 'EX07'),
('RFI', 'Autorización de residencia temporal por reagrupación familiar inicial. Art. 65', 'EX02'),
('RFR', 'Autorización de residencia temporal por reagrupación familiar renovada Art. 71', 'EX02'),
('RIN', 'Autorización de residencia temporal inicial de menor extranjero no acompañado (art.172)', 'EX25'),
('RUE', 'Residente en España cuya autorización de estancia por estudios, intercambio o prácticas no laborales se computará al 50% (art. 176.a)', 'EX11'),
('RUO', 'Supuesto general 5 años de residencia legal continuada en España con recursos y seguro de enfermedad (art. 176 Y 181.3)  ', 'EX11'),
('RUP', 'Beneficiario de protección internacional en Estado UE o España acreditando permanencia 5 años, recursos y seguro (art. 176)', 'EX11'),
('RUR', 'Haber sido TITULAR de autorización de residencia de larga duración-UE y haber cesado en tal condición (art. 186)', 'EX11'),
('RUV', 'Haber sido TITULAR de autorización de residencia de larga duración-UE y haber cesado en tal condición por haber adquirido residencia larga duración-UE en otro EM(art. 186)', 'EX11'),
('RUZ', 'Residente en España en los 2 años inmediatamente anteriores y  3 o + en otro EM, con tarjeta azul-UE (art. 176.a)', 'EX11'),
('SC1', 'Arraigo Social INICIAL (art. 127.c)', 'EX10'),
('SC2', 'Arraigo Social PRORROGADA (art. 132)', 'EX10'),
('SF1', 'Arraigo socioformativo INICIAL (127.d)', 'EX10'),
('SF2', 'Arraigo socioformativo PRORROGADA (art. 132)', 'EX10'),
('SFC', 'Autorización de estancia INICIAL de familiar de titular de estancia por estudios de especialización en el ambito sanitario. Art. 56.1. Solicitada en oficina consular', 'EX00'),
('SFE', 'Autorización de estancia INICIAL de familiar de titular de estancia por estudios de especialización en el ambito sanitario. Art. 56.1. Solicitada en España', 'EX00'),
('SG0', 'TITULAR de autorización de residencia temporal y trabajo cuenta ajena inicial', 'EX03'),
('SG1', 'TITULAR de autorización de residencia temporal y trabajo cuenta ajena inicial', 'EX03'),
('SGA', 'Supuesto general (art.8.5) RFC', 'EX19'),
('SGT', 'Supuesto general trabajador transfronterizo (art. 157)', 'EX03'),
('SL1', 'Arraigo Sociolaboral INICIAL (art. 127.b)', 'EX10'),
('SL2', 'Arraigo Sociolaboral PRORROGADA (art. 132)', 'EX10'),
('SNE', 'Autorización de residencia temporal del menor extranjero acompañado nacido en España, hijo o tutelado de residente  (art. 159)', 'EX25'),
('SO1', 'Arraigo de Segunda Oportunidad INICIAL (art. 127.a)', 'EX10'),
('SO2', 'Arraigo Segunda Oportunidad PRORROGADA (art. 132)', 'EX10'),
('TAI', 'Autorización inicial para trabajar por cuenta ajena . Art. 57.1', 'EX00'),
('TAP', 'Autorización prorrogada para trabajar por cuenta ajena.  Art. 57.4', 'EX00'),
('TPI', 'Autorización inicial para trabajar por cuenta  propia.  Art. 57.1', 'EX00'),
('TPP', 'Autorización prorrogda para trabajar por cuenta  propia.  Art. 57.4', 'EX00'),
('TSH', 'Autorización de residencia temporal por reagrupación familiar de los hijos e hijas de  victima de trata de seres humanos. Art. 155', 'EX02'),
('TTF', 'Supuesto general trabajador transfronterizo (art. 157)', 'EX07'),
('TTP', 'TITULAR de autorización de trabajo transfronterizo (art 158.2)', 'EX07'),
('VAC', 'Estancia temporal de menor extranjero desplazado con fines vacacionales (art. 163)', 'EX25'),
('VD1', 'Razones humanitarias (art. 128.2) - Víctimas de delitos', 'EX10'),
('VD2', 'Razones humanitarias (art. 132) - Víctimas de delitos', 'EX10'),
('VI1', 'Víctima de violencia de género (art. 133.1)', 'EX10'),
('VI2', 'Presunta víctima de violencia de género (art. 133.1)', 'EX10'),
('VI3', 'Víctima de violencia sexual (art. 137.2)', 'EX10'),
('VI4', 'Presunta víctima de violencia sexual (art. 137.2)', 'EX10'),
('VI5', 'Víctima de la TSH en España (art. 152.1)', 'EX10'),
('VI6', 'Víctima de la TSH en España (art. 152.1)', 'EX10'),
('VI7', 'Presunta víctima de la TSH en España (art. 152.1)', 'EX10'),
('VP', 'Estancia por estudios Convenio ANDORRA', 'EX00'),
('VRE', '(5) TITULAR de visado de residencia extraordinaria otorgado por el MAEC (art. 42)', 'EX03'),
('XX1', 'Trabajador residente fuera de Epaña.(art. 101)', 'EX06'),
('XX2', 'Titular de la autorización durante la vigencia de la autorización plurianual.(art. 106)', 'EX06'),
('XX3', 'Titular de la autorización durante la vigencia de la autorización plurianual.(art. 110)', 'EX06'),
('XX4', 'Titular de la autorización durante la vigencia de la autorización plurianual.(art. 111)', 'EX06'),
('XX5', 'Titular de la autorización durante la vigencia de la autorización plurianual.(art 112).', 'EX06');

--
-- Índices para tablas volcadas
--

--
-- Indices de la tabla `autorizacion`
--
ALTER TABLE `autorizacion`
  ADD KEY `codigo_permiso` (`codigo_permiso`) USING BTREE,
  ADD KEY `codigo_via` (`codigo_via`) USING BTREE;

--
-- Indices de la tabla `permiso`
--
ALTER TABLE `permiso`
  ADD UNIQUE KEY `codigo` (`codigo`);

--
-- Indices de la tabla `via`
--
ALTER TABLE `via`
  ADD PRIMARY KEY (`codigo`);

--
-- Restricciones para tablas volcadas
--

--
-- Filtros para la tabla `autorizacion`
--
ALTER TABLE `autorizacion`
  ADD CONSTRAINT `autorizacion_ibfk_1` FOREIGN KEY (`codigo_permiso`) REFERENCES `permiso` (`codigo`) ON DELETE CASCADE ON UPDATE CASCADE,
  ADD CONSTRAINT `autorizacion_ibfk_2` FOREIGN KEY (`codigo_via`) REFERENCES `via` (`codigo`) ON DELETE CASCADE ON UPDATE CASCADE;
COMMIT;

/*!40101 SET CHARACTER_SET_CLIENT=@OLD_CHARACTER_SET_CLIENT */;
/*!40101 SET CHARACTER_SET_RESULTS=@OLD_CHARACTER_SET_RESULTS */;
/*!40101 SET COLLATION_CONNECTION=@OLD_COLLATION_CONNECTION */;
